{"7z":["common"],"7za":["common"],"7zr":["common"],"ab":["common"],"ack":["common"],"adb":["common"],"ag":["common"],"alias":["common"],"ansible-galaxy":["common"],"ansible-playbook":["common"],"ansible":["common"],"apg":["common"],"apm":["common"],"apropos":["common"],"ar":["common"],"aria2c":["common"],"arp":["common"],"assimp":["common"],"astyle":["common"],"at":["common","linux"],"atom":["common"],"atq":["common"],"atrm":["common"],"autojump":["common"],"autossh":["common"],"avrdude":["common"],"awk":["common"],"aws-s3":["common"],"axel":["common"],"badblocks":["common"],"base32":["common"],"base64":["common","osx"],"basename":["common"],"bash":["common"],"bashmarks":["common"],"batch":["common"],"bc":["common"],"bedtools":["common"],"bg":["common"],"blender":["common"],"bmaptool":["common"],"bosh":["common"],"bower":["common"],"browser-sync":["common"],"bundle":["common"],"c99":["common"],"cabal":["common"],"calibre-server":["common"],"calibredb":["common"],"cargo":["common"],"cat":["common"],"cd":["common"],"chgrp":["common"],"chmod":["common"],"chown":["common"],"chsh":["common"],"cksum":["common"],"clang":["common"],"cloc":["common"],"cmake":["common"],"cmp":["common"],"code":["common"],"column":["common"],"comm":["common"],"composer":["common"],"conda":["common"],"consul-kv":["common"],"consul":["common"],"convert":["common"],"convmv":["common"],"cordova":["common"],"couchdb":["common"],"cowsay":["common"],"cp":["common"],"cpio":["common"],"cppcheck":["common"],"crontab":["common"],"csvclean":["common"],"csvcut":["common"],"csvformat":["common"],"csvgrep":["common"],"csvlook":["common"],"csvpy":["common"],"csvsort":["common"],"csvstat":["common"],"curl":["common"],"cut":["common"],"deluser":["common"],"df":["common"],"dhcpwn":["common"],"diff":["common"],"diffstat":["common"],"dig":["common"],"dirs":["common"],"docker-compose":["common"],"docker":["common"],"doctl":["common"],"dokku":["common"],"dot":["common"],"dotnet":["common"],"drush":["common"],"duplicity":["common"],"ebook-convert":["common"],"echo":["common"],"ed":["common"],"electrum":["common"],"elinks":["common"],"emacs":["common"],"enca":["common"],"env":["common"],"eslint":["common"],"espeak":["common"],"exa":["common"],"exiftool":["common"],"fd":["common"],"fdupes":["common"],"ffmpeg":["common"],"ffprobe":["common"],"fg":["common"],"file":["common"],"find":["common"],"fly":["common"],"fold":["common"],"for":["common"],"fortune":["common"],"fping":["common"],"fsck":["common"],"fswatch":["common"],"fswebcam":["common"],"ftp":["common"],"fuck":["common"],"fzf":["common"],"gcc":["common"],"gdb":["common"],"gem":["common"],"ghc":["common"],"gifsicle":["common"],"gist":["common"],"git-add":["common"],"git-bisect":["common"],"git-blame":["common"],"git-branch":["common"],"git-checkout":["common"],"git-cherry-pick":["common"],"git-clean":["common"],"git-clone":["common"],"git-commit":["common"],"git-config":["common"],"git-diff":["common"],"git-fetch":["common"],"git-imerge":["common"],"git-init":["common"],"git-log":["common"],"git-merge":["common"],"git-mv":["common"],"git-pull":["common"],"git-push":["common"],"git-rebase":["common"],"git-remote":["common"],"git-reset":["common"],"git-rm":["common"],"git-show":["common"],"git-stash":["common"],"git-status":["common"],"git-submodule":["common"],"git-svn":["common"],"git-tag":["common"],"git-worktree":["common"],"git":["common"],"gitsome":["common"],"glances":["common"],"go":["common"],"gource":["common"],"gpg":["common"],"gradle":["common"],"grep":["common"],"groff":["common"],"gulp":["common"],"gunzip":["common"],"gzip":["common"],"handbrakecli":["common"],"hangups":["common"],"haxelib":["common"],"helm":["common"],"heroku":["common"],"history":["common"],"hn":["common"],"host":["common"],"htpasswd":["common"],"http":["common"],"hub":["common"],"hugo":["common"],"iconv":["common"],"id":["common"],"id3tag":["common"],"if":["common"],"ifconfig":["common"],"import":["common"],"in2csv":["common"],"inkscape":["common"],"install":["common"],"ionice":["common"],"ioping":["common"],"ipcs":["common"],"jar":["common"],"java":["common"],"javac":["common"],"jekyll":["common"],"jhat":["common"],"jmap":["common"],"jobs":["common","linux"],"jpegoptim":["common"],"jq":["common"],"jstack":["common"],"julia":["common"],"keepass2":["common"],"kill":["common"],"killall":["common"],"kubectl":["common"],"kubectx":["common"],"last":["common"],"latexmk":["common","linux"],"leave":["common"],"lein":["common"],"less":["common"],"license":["common"],"ln":["common"],"locust":["common"],"logstash":["common"],"lp":["common"],"lpstat":["common"],"ls":["common"],"lsof":["common"],"lua":["common"],"lwp-request":["common"],"mailx":["common"],"make":["common"],"man":["common"],"mc":["common"],"mdp":["common"],"meshlabserver":["common"],"meteor":["common"],"mitmdump":["common"],"mitmproxy":["common"],"mkdir":["common"],"mkfifo":["common"],"mktemp":["common"],"mmv":["common"],"mocha":["common"],"mogrify":["common"],"mongo":["common"],"mongod":["common"],"mongodump":["common"],"mongorestore":["common"],"montage":["common"],"more":["common"],"moro":["common"],"mosh":["common"],"mount":["common"],"mp4box":["common"],"mpc":["common"],"msmtp":["common"],"mtr":["common"],"mutt":["common"],"mv":["common"],"mysql":["common"],"mysqldump":["common"],"nano":["common"],"nasm":["common"],"nc":["common"],"ncmpcpp":["common"],"nginx":["common"],"ngrep":["common"],"nice":["common"],"nix-env":["common"],"nmap":["common"],"node":["common"],"nohup":["common"],"npm":["common"],"nslookup":["common"],"nvm":["common"],"od":["common"],"odps-auth":["common"],"odps-func":["common"],"odps-inst":["common"],"odps-resource":["common"],"odps-table":["common"],"odps-tunnel":["common"],"odps":["common"],"openssl":["common"],"optipng":["common"],"pandoc":["common"],"parallel":["common"],"pass":["common"],"passwd":["common"],"paste":["common"],"patch":["common"],"pdflatex":["common"],"pdfposter":["common"],"pdftk":["common"],"peerflix":["common"],"perl":["common"],"pet":["common"],"pg_dump":["common"],"pg_restore":["common"],"pgrep":["common"],"php":["common"],"phpize":["common"],"phpunit":["common"],"pigz":["common"],"ping":["common"],"pip":["common"],"pkill":["common"],"play":["common"],"pm2":["common"],"pngcrush":["common"],"printf":["common"],"prosodyctl":["common"],"ps":["common"],"psql":["common"],"pssh":["common"],"pup":["common"],"pv":["common"],"pwd":["common"],"pyenv":["common"],"pygmentize":["common"],"python":["common"],"q":["common"],"qemu-img":["common"],"qemu":["common"],"quota":["common"],"r":["common"],"rainbowstream":["common"],"read":["common"],"readlink":["common"],"redis-cli":["common"],"redshift":["common"],"rename":["common"],"renice":["common"],"rev":["common"],"rg":["common"],"rm":["common"],"rmdir":["common"],"roll":["common"],"route":["common","osx"],"rsync":["common"],"rtv":["common"],"rustc":["common"],"sails":["common"],"salt-call":["common"],"salt-key":["common"],"salt-run":["common"],"salt":["common"],"samtools":["common"],"sass":["common"],"scp":["common"],"scrapy":["common"],"screen":["common"],"screenfetch":["common"],"sed":["common","osx"],"sendmail":["common"],"seq":["common"],"sftp":["common"],"sh":["common"],"shopt":["common"],"shred":["common"],"skicka":["common"],"sl":["common"],"slackcat":["common"],"sleep":["common"],"socat":["common"],"sort":["common","linux"],"sox":["common"],"split":["common"],"sqlite3":["common"],"srm":["common"],"ssh-copy-id":["common"],"ssh-keygen":["common"],"ssh":["common"],"sshfs":["common"],"sshpass":["common"],"st-flash":["common"],"st-info":["common"],"st-util":["common"],"stack":["common"],"strings":["common"],"su":["common"],"subliminal":["common"],"sudo":["common"],"sum":["common"],"supervisorctl":["common"],"supervisord":["common"],"svgo":["common"],"svn":["common"],"sync":["common"],"tabula":["common"],"tac":["common"],"tail":["common"],"tar":["common"],"task":["common"],"tcpdump":["common"],"tee":["common"],"telnet":["common"],"tesseract":["common"],"test":["common"],"time":["common"],"timew":["common"],"tldr":["common"],"tldrl":["common"],"tmux":["common"],"touch":["common"],"tpp":["common"],"tput":["common"],"tr":["common"],"traceroute":["common"],"traefik":["common"],"trans":["common"],"transcode":["common"],"travis":["common"],"tty":["common"],"ufraw-batch":["common"],"umount":["common"],"unar":["common"],"uniq":["common"],"unrar":["common"],"unzip":["common"],"uptime":["common"],"vagrant":["common"],"valgrind":["common"],"vault":["common"],"vim":["common"],"vimdiff":["common"],"vimtutor":["common"],"virtualenv":["common"],"visudo":["common"],"vue":["common"],"w":["common","osx"],"w3m":["common"],"wait":["common"],"watch":["common","linux"],"wc":["common"],"webpack":["common"],"wget":["common"],"which":["common"],"while":["common"],"who":["common"],"whoami":["common"],"wordgrinder":["common"],"wuzz":["common"],"x_x":["common"],"xargs":["common"],"xcv":["common"],"xmllint":["common"],"xxd":["common"],"xz":["common"],"yarn":["common"],"yes":["common"],"yesod":["common"],"youtube-dl":["common"],"z":["common"],"zbarimg":["common"],"zcat":["common"],"zdb":["common"],"zfs":["common"],"zip":["common"],"zless":["common"],"zpool":["common"],"zsh":["common"],"adduser":["linux"],"alpine":["linux"],"apt-cache":["linux"],"apt-get":["linux"],"apt-key":["linux"],"apt":["linux"],"aptitude":["linux"],"archey":["linux","osx"],"beep":["linux"],"bmon":["linux"],"brew":["linux","osx"],"bzip2":["linux"],"cal":["linux","osx"],"calc":["linux"],"chattr":["linux"],"chroot":["linux"],"cmus":["linux"],"compose":["linux"],"cryptsetup":["linux"],"date":["linux","osx"],"dd":["linux","osx"],"dmesg":["linux","osx","sunos"],"dnf":["linux"],"dpkg-query":["linux"],"dpkg":["linux"],"du":["linux","osx"],"edit":["linux"],"edquota":["linux"],"emerge":["linux"],"equery":["linux"],"expand":["linux"],"expr":["linux"],"eyeD3":["linux"],"fatlabel":["linux"],"fc-list":["linux"],"fc-match":["linux"],"fc-pattern":["linux"],"figlet":["linux"],"findmnt":["linux"],"firewall-cmd":["linux"],"foreman":["linux"],"free":["linux"],"fuser":["linux"],"genkernel":["linux"],"getent":["linux"],"groupadd":["linux"],"groupdel":["linux"],"groupmod":["linux"],"halt":["linux"],"head":["linux","osx"],"hostname":["linux","osx"],"hostnamectl":["linux"],"htop":["linux"],"hwclock":["linux"],"ifdown":["linux"],"ifup":["linux"],"iostat":["linux"],"ip":["linux"],"iptables":["linux"],"isoinfo":["linux"],"journalctl":["linux"],"ldconfig":["linux"],"ldd":["linux"],"lldb":["linux","osx"],"locate":["linux","osx"],"logger":["linux","osx"],"logwatch":["linux"],"losetup":["linux"],"lsattr":["linux"],"lsb_release":["linux"],"lsblk":["linux"],"lscpu":["linux"],"lsmod":["linux"],"ltrace":["linux"],"lvcreate":["linux"],"lxc":["linux"],"md5sum":["linux"],"mdadm":["linux"],"microcom":["linux"],"mke2fs":["linux"],"mkfs.cramfs":["linux"],"mkfs.exfat":["linux"],"mkfs.fat":["linux"],"mkfs.minix":["linux"],"mkfs.ntfs":["linux"],"mkfs.vfat":["linux"],"mkisofs":["linux"],"mpstat":["linux"],"n":["linux","osx"],"ncat":["linux"],"nethogs":["linux"],"netstat":["linux","osx"],"nl":["linux"],"nm":["linux","osx"],"nmcli":["linux"],"notify-send":["linux"],"ntfsfix":["linux"],"objdump":["linux"],"pacman":["linux"],"pdfgrep":["linux","osx"],"perf":["linux"],"pkgadd":["linux"],"pkginfo":["linux"],"pkgmk":["linux"],"pkgrm":["linux"],"popd":["linux","osx","windows"],"ports":["linux"],"print":["linux"],"prt-get":["linux"],"pstree":["linux"],"pushd":["linux","osx","windows"],"pvcreate":["linux"],"pwgen":["linux","osx"],"quotacheck":["linux"],"rdesktop":["linux"],"reboot":["linux"],"repquota":["linux"],"rpm":["linux"],"rspamc":["linux"],"run-mailcap":["linux"],"sar":["linux"],"see":["linux"],"sensible-browser":["linux"],"service":["linux"],"setfacl":["linux"],"sha1sum":["linux"],"sha224sum":["linux"],"sha256sum":["linux"],"sha384sum":["linux"],"sha512sum":["linux"],"shasum":["linux","osx"],"shuf":["linux"],"shutdown":["linux","osx"],"ss":["linux"],"ssh-add":["linux","osx"],"stat":["linux","osx"],"strace":["linux"],"sysctl":["linux","osx"],"systemctl":["linux"],"systemd-analyze":["linux"],"tcpflow":["linux"],"timedatectl":["linux"],"timeout":["linux"],"tomb":["linux"],"top":["linux","osx"],"tree":["linux","osx"],"ufw":["linux"],"ulimit":["linux"],"umask":["linux"],"uname":["linux","osx"],"unexpand":["linux"],"update-alternatives":["linux"],"update-rc.d":["linux"],"useradd":["linux"],"userdel":["linux"],"usermod":["linux"],"vgcreate":["linux"],"vncserver":["linux"],"wall":["linux"],"whatis":["linux"],"wodim":["linux"],"wpa_cli":["linux"],"write":["linux"],"x11vnc":["linux"],"xclip":["linux"],"xdotool":["linux"],"xeyes":["linux"],"xinput":["linux"],"xrandr":["linux"],"xsel":["linux"],"xsetwacom":["linux"],"yaourt":["linux"],"yum":["linux"],"zramctl":["linux"],"zypper":["linux"],"airport":["osx"],"brew-cask":["osx"],"caffeinate":["osx"],"carthage":["osx"],"codesign":["osx"],"defaults":["osx"],"diskutil":["osx"],"ditto":["osx"],"drutil":["osx"],"imgcat":["osx"],"launchctl":["osx"],"look":["osx"],"md5":["osx"],"mdfind":["osx"],"networksetup":["osx"],"open":["osx"],"opensnoop":["osx"],"osascript":["osx"],"pbcopy":["osx"],"pbpaste":["osx"],"pmset":["osx"],"pod":["osx"],"port":["osx"],"qlmanage":["osx"],"say":["osx"],"softwareupdate":["osx"],"sw_vers":["osx"],"system_profiler":["osx"],"systemsetup":["osx"],"wacaw":["osx"],"xattr":["osx"],"xcodebuild":["osx"],"xctool":["osx"],"xed":["osx"],"xsltproc":["osx"],"devfsadm":["sunos"],"prctl":["sunos"],"prstat":["sunos"],"svcadm":["sunos"],"svccfg":["sunos"],"svcs":["sunos"],"attrib":["windows"],"dir":["windows"],"subst":["windows"]}